Workbook

Sheet README
A1: NEXORA CUSTOMER SOLUTIONS
A2: Customer Support & SLA Performance Analysis | Operational Portfolio Project
A5: Project Overview | B5: Analyzes 550 customer support service tickets processed between July 1, 2025, and December 31, 2025 across 4 operational departments at Nexora Customer Solutions. Evaluates SLA compliance, resolution times, backlogs, and customer satisfaction (CSAT).
A6: Target Roles | B6: Operations Analyst, Business Operations Analyst, Process Analyst, MIS Executive, Reporting Analyst.
A7: Organization Profile | B7: Nexora Customer Solutions - Enterprise Customer Care & Technical Operations Provider.
A9: Workbook Navigation
A10: 1. README | B10: Project context, scope, operational definitions, and workbook architecture.
A11: 2. RAW DATA | B11: Original transactional log containing 550 customer support records from CRM.
A12: 3. CLEAN DATA | B12: Standardized dataset with calculated metrics including Overdue flag and validation.
A13: 4. KPI ANALYSIS | B13: Master KPI executive summary table with formulas, target benchmarks, and variance analysis.
A14: 5. MONTHLY SUMMARY | B14: Monthly aggregation of ticket volumes, SLA compliance rates, average turnaround times, and CSAT.
A15: 6. DEPARTMENT SUMMARY | B15: Departmental performance breakdown across Technical Support, Billing & Invoicing, Customer Care, and Product Operations.
A16: 7. AGENT SUMMARY | B16: Individual performance scorecard for 13 support agents tracking volume, compliance, resolution speed, and CSAT.
A17: 8. DASHBOARD | B17: Visual executive dashboard featuring high-level KPI cards and 4 operational charts.
A18: 9. BUSINESS INSIGHTS | B18: Detailed qualitative and quantitative business insights with 5 core problem statements, root causes, and strategic action plans.
A20: Data Dictionary & Logic
A21: Ticket ID | B21: Unique 7-character alphanumeric ticket identifier (TCK-1001 to TCK-1550).
A22: Ticket Created Date | B22: Timestamp when customer query entered the system (YYYY-MM-DD HH:MM).
A23: Ticket Closed Date | B23: Timestamp when query resolution was validated and marked closed (Blank for open tickets).
A24: Customer ID | B24: Unique customer account reference (CUST-1000 to CUST-2500).
A25: Support Department | B25: Managing business unit: Technical Support, Billing & Invoicing, Customer Care, Product Operations.
A26: Issue Category | B26: Granular categorization of root problem (e.g., Software Bug, Payment Failure, Account Access).
A27: Priority | B27: Urgency tier: Critical (8h SLA), High (24h SLA), Medium (48h SLA), Low (72h SLA).
A28: Assigned Agent | B28: Staff member responsible for ticket resolution.
A29: Ticket Status | B29: Closed (Resolved), In Progress (Under investigation), Pending Customer (Awaiting client info).
A30: SLA Target Hours | B30: Contractual commitment window in hours based on priority level.
A31: Actual Resolution Hours | B31: Elapsed duration from creation to closure. Blank for unresolved tickets.
A32: SLA Met | B32: Yes (Actual <= SLA Target), No (Actual > SLA Target), Pending (for open tickets).
... A36: Overdue Flag | B36: Yes if current open time exceeds SLA target as of reporting cutoff (2025-12-31); No if within SLA; N/A if Closed.

Sheet RAW DATA
A1: Ticket ID | B1: Ticket Created Date | C1: Ticket Closed Date | D1: Customer ID | E1: Support Department | F1: Issue Category | G1: Priority | H1: Assigned Agent | I1: Ticket Status | J1: SLA Target Hours | K1: Actual Resolution Hours | L1: SLA Met | M1: Customer Satisfaction Score | N1: Reopened | O1: Escalated | P1: Resolution Channel
A2: TCK-1001 | B2: 2025-08-10 12:40 | C2: 2025-08-10 19:34 | D2: CUST-1863 | E2: Billing & Invoicing | F2: Invoice Discrepancy | G2: Critical | H2: David Kim | I2: Closed | J2: 8 | K2: 6.9 | L2: Yes | M2: 3 | N2: No | O2: Yes | P2: Web Portal
A3: TCK-1002 | B3: 2025-11-04 18:12 | C3: 2025-11-05 18:54 | D3: CUST-1136 | E3: Billing & Invoicing | F3: Subscription Renewal | G3: Medium | H3: Fatima Al-Mansoor | I3: Closed | J3: 48 | K3: 24.7 | L3: Yes | M3: 5 | N3: No | O3: No | P3: Phone
A4: TCK-1003 | B4: 2025-09-12 12:18 | C4: 2025-09-13 08:42 | D4: CUST-2123 | E4: Billing & Invoicing | F4: Subscription Renewal | G4: Medium | H4: Fatima Al-Mansoor | I4: Closed | J4: 48 | K4: 20.4 | L4: Yes | M4: 5 | N4: No | O4: No | P4: Live Chat
A5: TCK-1004 | B5: 2025-12-11 18:51 | C5: 2025-12-18 11:57 | D5: CUST-2011 | E5: Technical Support | F5: System Outage | G5: Low | H5: Alex Chen | I5: Closed | J5: 72 | K5: 161.1 | L5: No | M5: 2 | N5: No | O5: No | P5: Web Portal
A6: TCK-1005 | B6: 2025-10-01 19:59 | C6: 2025-10-03 14:35 | D6: CUST-1950 | E6: Customer Care | F6: Profile Update | G6: Low | H6: Anita Patel | I6: Closed | J6: 72 | K6: 42.6 | L6: Yes | M6: 5 | N6: No | O6: No | P6: Email
A7: TCK-1006 | B7: 2025-10-19 15:37 | C7: 2025-10-20 15:07 | D7: CUST-1505 | E7: Customer Care | F7: Account Access | G7: Medium | H7: Carlos Gomez | I7: Closed | J7: 48 | K7: 23.5 | L7: Yes | M7: 5 | N7: No | O7: No | P7: Web Portal
A8: TCK-1007 | B8: 2025-07-24 19:30 | C8: 2025-07-25 03:06 | D8: CUST-1508 | E8: Customer Care | F8: Profile Update | G8: Medium | H8: Carlos Gomez | I8: Closed | J8: 48 | K8: 7.6 | L8: Yes | M8: 5 | N8: No | O8: No | P8: Phone
A9: TCK-1008 | B9: 2025-11-19 09:24 | C9: 2025-11-19 15:06 | D9: CUST-2382 | E9: Customer Care | F9: Service Cancellation | G9: High | H9: Carlos Gomez | I9: Closed | J9: 24 | K9: 5.7 | L9: Yes | M9: 4 | N9: No | O9: No | P9: Email
A10: TCK-1009 | B10: 2025-09-06 19:01 | C10: 2025-09-07 02:07 | D10: CUST-1813 | E10: Product Operations | F10: Feature Request | G10: Critical | H10: Amina Yusuf | I10: Closed | J10: 8 | K10: 7.1 | L10: Yes | M10: 5 | N10: No | O10: No | P10: Email
A11: TCK-1010 | B11: 2025-10-31 19:50 | C11: 2025-11-01 19:50 | D11: CUST-2076 | E11: Technical Support | F11: Performance Lag | G11: Medium | H11: Alex Chen | I11: Closed | J11: 48 | K11: 24 | L11: Yes | M11: 4 | N11: No | O11: No | P11: Web Portal
A12: TCK-1011 | B12: 2025-10-02 14:28 | C12: 2025-10-03 05:28 | D12: CUST-1705 | E12: Billing & Invoicing | F12: Invoice Discrepancy | G12: Medium | H12: Sarah Jenkins | I12: Closed | J12: 48 | K12: 15 | L12: Yes | M12: 4 | N12: No | O12: No | P12: Email
A13: TCK-1012 | B13: 2025-10-12 15:52 | C13: 2025-10-12 18:40 | D13: CUST-1208 | E13: Customer Care | F13: Account Access | G13: Critical | H13: James Wilson | I13: Closed | J13: 8 | K13: 2.8 | L13: Yes | M13: 5 | N13: Yes | O13: No | P13: Live Chat
... A18: TCK-1017 | B18: 2025-10-21 12:01 | C18: 2025-10-21 21:49 | D18: CUST-1380 | E18: Technical Support | F18: Integration Issue | G18: Medium | H18: Alex Chen | I18: Closed | J18: 48 | K18: 9.8 | L18: Yes | M18: 4 | N18: No | O18: No | P18: Email
A19: TCK-1018 | B19: 2025-09-26 14:32 | D19: CUST-1494 | E19: Product Operations | F19: Data Sync Issue | G19: Medium | H19: Rachel Green | I19: In Progress | J19: 48 | L19: Pending | N19: No | O19: No | P19: Live Chat
A20: TCK-1019 | B20: 2025-10-18 19:52 | C20: 2025-10-19 12:34 | D20: CUST-1223 | E20: Customer Care | F20: Service Cancellation | G20: High | H20: James Wilson | I20: Closed | J20: 24 | K20: 16.7 | L20: Yes | M20: 5 | N20: No | O20: No | P20: Email
A21: TCK-1020 | B21: 2025-12-03 14:15 | C21: 2025-12-03 18:39 | D21: CUST-1017 | E21: Billing & Invoicing | F21: Subscription Renewal | G21: Critical | H21: Fatima Al-Mansoor | I21: Closed | J21: 8 | K21: 4.4 | L21: Yes | M21: 3 | N21: No | O21: No | P21: Live Chat
A22: TCK-1021 | B22: 2025-10-30 12:51 | C22: 2025-10-31 13:57 | D22: CUST-1211 | E22: Product Operations | F22: Feature Request | G22: Low | H22: Rachel Green | I22: Closed | J22: 72 | K22: 25.1 | L22: Yes | M22: 3 | N22: No | O22: No | P22: Phone
A23: TCK-1022 | B23: 2025-10-30 12:43 | C23: 2025-11-04 18:19 | D23: CUST-1675 | E23: Billing & Invoicing | F23: Invoice Discrepancy | G23: Medium | H23: David Kim | I23: Closed | J23: 48 | K23: 125.6 | L23: No | M23: 1 | N23: No | O23: No | P23: Phone
A24: TCK-1023 | B24: 2025-09-08 09:27 | C24: 2025-09-09 07:15 | D24: CUST-1581 | E24: Technical Support | F24: Software Bug | G24: High | H24: Alex Chen | I24: Closed | J24: 24 | K24: 21.8 | L24: Yes | M24: 4 | N24: No | O24: No | P24: Web Portal
A25: TCK-1024 | B25: 2025-10-04 19:48 | C25: 2025-10-07 01:42 | D25: CUST-1600 | E25: Technical Support | F25: System Outage | G25: High | H25: Alex Chen | I25: Closed | J25: 24 | K25: 53.9 | L25: No | M25: 1 | N25: No | O25: No | P25: Web Portal
A26: TCK-1025 | B26: 2025-08-26 09:29 | C26: 2025-08-27 09:53 | D26: CUST-1526 | E26: Customer Care | F26: Profile Update | G26: Medium | H26: Carlos Gomez | I26: Closed | J26: 48 | K26: 24.4 | L26: Yes | M26: 4 | N26: No | O26: No | P26: Phone
A27: TCK-1026 | B27: 2025-12-09 19:28 | C27: 2025-12-10 23:04 | D27: CUST-1712 | E27: Billing & Invoicing | F27: Subscription Renewal | G27: Medium | H27: David Kim | I27: Closed | J27: 48 | K27: 27.6 | L27: Yes | M27: 3 | N27: No | O27: No | P27: Email
A28: TCK-1027 | B28: 2025-11-18 18:32 | C28: 2025-11-20 15:26 | D28: CUST-1385 | E28: Customer Care | F28: Account Access | G28: Medium | H28: James Wilson | I28: Closed | J28: 48 | K28: 44.9 | L28: Yes | M28: 4 | N28: No | O28: No | P28: Phone
A29: TCK-1028 | B29: 2025-11-15 11:57 | C29: 2025-11-17 05:21 | D29: CUST-1344 | E29: Product Operations | F29: Configuration Error | G29: Medium | H29: Kevin Taylor | I29: Closed | J29: 48 | K29: 41.4 | L29: Yes | M29: 3 | N29: No | O29: No | P29: Web Portal
A30: TCK-1029 | B30: 2025-11-08 15:37 | C30: 2025-11-09 12:49 | D30: CUST-1616 | E30: Billing & Invoicing | F30: Payment Failure | G30: Critical | H30: Sarah Jenkins | I30: Closed | J30: 8 | K30: 21.2 | L30: No | M30: 2 | N30: No | O30: No | P30: Phone
A31: TCK-1030 | B31: 2025-11-09 14:36 | C31: 2025-11-10 04:18 | D31: CUST-1261 | E31: Billing & Invoicing | F31: Invoice Discrepancy | G31: High | H31: Fatima Al-Mansoor | I31: Closed | J31: 24 | K31: 13.7 | L31: Yes | M31: 4 | N31: No | O31: Yes | P31: Email
... A47: TCK-1046 | B47: 2025-07-11 09:58 | C47: 2025-07-11 22:46 | D47: CUST-1635 | E47: Product Operations | F47: Feature Request | G47: High | H47: Rachel Green | I47: Closed | J47: 24 | K47: 12.8 | L47: Yes | M47: 5 | N47: No | O47: No | P47: Email
A48: TCK-1047 | B48: 2025-12-19 16:04 | D48: CUST-1789 | E48: Customer Care | F48: Account Access | G48: Medium | H48: James Wilson | I48: Pending Customer | J48: 48 | L48: Pending | N48: No | O48: No | P48: Email
A49: TCK-1048 | B49: 2025-08-27 08:22 | C49: 2025-08-27 12:22 | D49: CUST-2204 | E49: Product Operations | F49: Configuration Error | G49: Critical | H49: Amina Yusuf | I49: Closed | J49: 8 | K49: 4 | L49: Yes | M49: 4 | N49: No | O49: No | P49: Live Chat
A50: TCK-1049 | B50: 2025-10-22 11:43 | C50: 2025-10-23 21:49 | D50: CUST-1491 | E50: Technical Support | F50: Integration Issue | G50: Medium | H50: Marcus Vance | I50: Closed | J50: 48 | K50: 34.1 | L50: Yes | M50: 3 | N50: No | O50: No | P50: Email
A51: TCK-1050 | B51: 2025-11-25 19:49 | C51: 2025-11-26 06:01 | D51: CUST-2110 | E51: Billing & Invoicing | F51: Payment Failure | G51: Medium | H51: Sarah Jenkins | I51: Closed | J51: 48 | K51: 10.2 | L51: Yes | M51: 5 | N51: No | O51: No | P51: Web Portal
A52: TCK-1051 | B52: 2025-07-07 18:44 | C52: 2025-07-08 06:26 | D52: CUST-1431 | E52: Customer Care | F52: Profile Update | G52: Critical | H52: Anita Patel | I52: Closed | J52: 8 | K52: 11.7 | L52: No | M52: 1 | N52: Yes | O52: No | P52: Email
A53: TCK-1052 | B53: 2025-07-30 10:09 | C53: 2025-07-31 07:39 | D53: CUST-1065 | E53: Technical Support | F53: Integration Issue | G53: Medium | H53: Marcus Vance | I53: Closed | J53: 48 | K53: 21.5 | L53: Yes | M53: 4 | N53: No | O53: No | P53: Web Portal
A54: TCK-1053 | B54: 2025-09-24 14:01 | C54: 2025-09-24 21:55 | D54: CUST-1663 | E54: Customer Care | F54: Profile Update | G54: Medium | H54: Carlos Gomez | I54: Closed | J54: 48 | K54: 7.9 | L54: Yes | M54: 4 | N54: No | O54: No | P54: Web Portal
A55: TCK-1054 | B55: 2025-11-21 08:47 | C55: 2025-11-22 19:35 | D55: CUST-2399 | E55: Technical Support | F55: Software Bug | G55: Low | H55: Marcus Vance | I55: Closed | J55: 72 | K55: 34.8 | L55: Yes | M55: 1 | N55: No | O55: No | P55: Web Portal
A56: TCK-1055 | B56: 2025-11-24 08:45 | C56: 2025-11-24 15:39 | D56: CUST-1279 | E56: Billing & Invoicing | F56: Refund Request | G56: High | H56: Sarah Jenkins | I56: Closed | J56: 24 | K56: 6.9 | L56: Yes | M56: 4 | N56: No | O56: No | P56: Phone
A57: TCK-1056 | B57: 2025-08-04 12:37 | C57: 2025-08-06 07:25 | D57: CUST-1519 | E57: Technical Support | F57: Software Bug | G57: High | H57: Priya Sharma | I57: Closed | J57: 24 | K57: 42.8 | L57: No | M57: 2 | N57: Yes | O57: No | P57: Email
A58: TCK-1057 | B58: 2025-08-23 14:01 | C58: 2025-08-23 23:25 | D58: CUST-1831 | E58: Customer Care | F58: General Inquiry | G58: Medium | H58: Carlos Gomez | I58: Closed | J58: 48 | K58: 9.4 | L58: Yes | M58: 3 | N58: No | O58: No | P58: Web Portal
A59: TCK-1058 | B59: 2025-07-07 08:15 | C59: 2025-07-09 19:33 | D59: CUST-2451 | E59: Customer Care | F59: Service Cancellation | G59: High | H59: Carlos Gomez | I59: Closed | J59: 24 | K59: 59.3 | L59: No | M59: 3 | N59: No | O59: No | P59: Web Portal
A60: TCK-1059 | B60: 2025-09-23 14:57 | C60: 2025-09-24 03:21 | D60: CUST-1746 | E60: Customer Care | F60: Profile Update | G60: Medium | H60: Anita Patel | I60: Closed | J60: 48 | K60: 12.4 | L60: Yes | M60: 4 | N60: No | O60: No | P60: Phone
... A69: TCK-1068 | B69: 2025-08-26 13:26 | C69: 2025-08-28 13:56 | D69: CUST-1885 | E69: Technical Support | F69: Software Bug | G69: Low | H69: Alex Chen | I69: Closed | J69: 72 | K69: 48.5 | L69: Yes | M69: 4 | N69: No | O69: No | P69: Phone
A70: TCK-1069 | B70: 2025-12-17 13:27 | D70: CUST-1832 | E70: Billing & Invoicing | F70: Payment Failure | G70: High | H70: David Kim | I70: In Progress | J70: 24 | L70: Pending | N70: No | O70: No | P70: Web Portal
A71: TCK-1070 | B71: 2025-07-05 11:42 | C71: 2025-07-06 08:54 | D71: CUST-2461 | E71: Technical Support | F71: Software Bug | G71: Medium | H71: Elena Rostova | I71: Closed | J71: 48 | K71: 21.2 | L71: Yes | M71: 4 | N71: No | O71: No | P71: Email
A72: TCK-1071 | B72: 2025-10-14 15:14 | C72: 2025-10-15 21:26 | D72: CUST-2369 | E72: Technical Support | F72: Software Bug | G72: Low | H72: Marcus Vance | I72: Closed | J72: 72 | K72: 30.2 | L72: Yes | M72: 3 | N72: No | O72: No | P72: Email
A73: TCK-1072 | B73: 2025-11-21 13:37 | C73: 2025-11-22 03:13 | D73: CUST-1313 | E73: Customer Care | F73: Service Cancellation | G73: Medium | H73: Anita Patel | I73: Closed | J73: 48 | K73: 13.6 | L73: Yes | M73: 4 | N73: No | O73: No | P73: Email
A74: TCK-1073 | B74: 2025-11-29 17:31 | C74: 2025-11-30 01:01 | D74: CUST-1175 | E74: Product Operations | F74: Configuration Error | G74: Critical | H74: Kevin Taylor | I74: Closed | J74: 8 | K74: 7.5 | L74: Yes | M74: 3 | N74: No | O74: No | P74: Email
A75: TCK-1074 | B75: 2025-08-31 17:27 | C75: 2025-09-01 06:21 | D75: CUST-2228 | E75: Billing & Invoicing | F75: Subscription Renewal | G75: Medium | H75: David Kim | I75: Closed | J75: 48 | K75: 12.9 | L75: Yes | M75: 5 | N75: No | O75: No | P75: Email
A76: TCK-1075 | B76: 2025-10-15 11:43 | C76: 2025-10-16 18:37 | D76: CUST-1779 | E76: Product Operations | F76: Data Sync Issue | G76: Medium | H76: Rachel Green | I76: Closed | J76: 48 | K76: 30.9 | L76: Yes | M76: 4 | N76: No | O76: No | P76: Web Portal
A77: TCK-1076 | B77: 2025-09-25 15:20 | C77: 2025-09-26 16:20 | D77: CUST-2155 | E77: Technical Support | F77: Software Bug | G77: Medium | H77: Priya Sharma | I77: Closed | J77: 48 | K77: 25 | L77: Yes | M77: 4 | N77: No | O77: No | P77: Phone
A78: TCK-1077 | B78: 2025-07-30 19:37 | C78: 2025-08-01 00:55 | D78: CUST-2369 | E78: Product Operations | F78: Data Sync Issue | G78: Medium | H78: Amina Yusuf | I78: Closed | J78: 48 | K78: 29.3 | L78: Yes | M78: 3 | N78: No | O78: No | P78: Phone
A79: TCK-1078 | B79: 2025-10-02 14:43 | C79: 2025-10-04 05:07 | D79: CUST-2069 | E79: Technical Support | F79: System Outage | G79: Medium | H79: Alex Chen | I79: Closed | J79: 48 | K79: 38.4 | L79: Yes | M79: 5 | N79: No | O79: No | P79: Live Chat
A80: TCK-1079 | B80: 2025-12-29 19:51 | D80: CUST-2385 | E80: Billing & Invoicing | F80: Invoice Discrepancy | G80: High | H80: Sarah Jenkins | I80: In Progress | J80: 24 | L80: Pending | N80: No | O80: No | P80: Email
A81: TCK-1080 | B81: 2025-12-02 18:59 | C81: 2025-12-02 21:47 | D81: CUST-1823 | E81: Technical Support | F81: Software Bug | G81: Critical | H81: Elena Rostova | I81: Closed | J81: 8 | K81: 2.8 | L81: Yes | M81: 5 | N81: No | O81: No | P81: Web Portal
A82: TCK-1081 | B82: 2025-09-30 11:05 | C82: 2025-09-30 21:53 | D82: CUST-1470 | E82: Billing & Invoicing | F82: Subscription Renewal | G82: Medium | H82: David Kim | I82: Closed | J82: 48 | K82: 10.8 | L82: Yes | M82: 4 | N82: No | O82: No | P82: Email
A83: TCK-1082 | B83: 2025-09-08 16:27 | C83: 2025-09-11 23:51 | D83: CUST-1698 | E83: Customer Care | F83: Profile Update | G83: Medium | H83: Anita Patel | I83: Closed | J83: 48 | K83: 79.4 | L83: No | M83: 2 | N83: No | O83: Yes | P83: Email
A84: TCK-1083 | B84: 2025-09-03 16:55 | C84: 2025-09-04 14:31 | D84: CUST-1005 | E84: Product Operations | F84: Data Sync Issue | G84: High | H84: Kevin Taylor | I84: Closed | J84: 24 | K84: 21.6 | L84: Yes | M84: 2 | N84: No | O84: No | P84: Web Portal
A85: TCK-1084 | B85: 2025-07-25 09:36 | C85: 2025-07-26 09:54 | D85: CUST-1171 | E85: Customer Care | F85: Profile Update | G85: Medium | H85: Anita Patel | I85: Closed | J85: 48 | K85: 24.3 | L85: Yes | M85: 4 | N85: No | O85: No | P85: Email
A86: TCK-1085 | B86: 2025-12-06 14:13 | C86: 2025-12-07 20:49 | D86: CUST-2318 | E86: Customer Care | F86: General Inquiry | G86: Medium | H86: Anita Patel | I86: Closed | J86: 48 | K86: 30.6 | L86: Yes | M86: 4 | N86: No | O86: No | P86: Web Portal
A87: TCK-1086 | B87: 2025-08-07 16:34 | C87: 2025-08-09 23:52 | D87: CUST-1365 | E87: Product Operations | F87: Data Sync Issue | G87: Low | H87: Amina Yusuf | I87: Closed | J87: 72 | K87: 55.3 | L87: Yes | M87: 5 | N87: No | O87: No | P87: Live Chat
A88: TCK-1087 | B88: 2025-10-13 13:51 | C88: 2025-10-14 21:39 | D88: CUST-1311 | E88: Technical Support | F88: Software Bug | G88: Medium | H88: Elena Rostova | I88: Closed | J88: 48 | K88: 31.8 | L88: Yes | M88: 4 | N88: No | O88: No | P88: Phone
A89: TCK-1088 | B89: 2025-09-05 13:05 | C89: 2025-09-06 02:35 | D89: CUST-1002 | E89: Technical Support | F89: Performance Lag | G89: Critical | H89: Elena Rostova | I89: Closed | J89: 8 | K89: 13.5 | L89: No | M89: 2 | N89: No | O89: Yes | P89: Phone
A90: TCK-1089 | B90: 2025-10-24 10:24 | C90: 2025-10-25 02:36 | D90: CUST-1142 | E90: Product Operations | F90: Configuration Error | G90: Critical | H90: Rachel Green | I90: Closed | J90: 8 | K90: 16.2 | L90: No | M90: 2 | N90: Yes | O90: Yes | P90: Email
A91: TCK-1090 | B91: 2025-08-01 13:50 | C91: 2025-08-02 04:20 | D91: CUST-1086 | E91: Product Operations | F91: Configuration Error | G91: High | H91: Rachel Green | I91: Closed | J91: 24 | K91: 14.5 | L91: Yes | M91: 5 | N91: No | O91: Yes | P91: Email
A92: TCK-1091 | B92: 2025-10-06 09:18 | C92: 2025-10-06 16:06 | D92: CUST-1466 | E92: Technical Support | F92: Software Bug | G92: Critical | H92: Marcus Vance | I92: Closed | J92: 8 | K92: 6.8 | L92: Yes | M92: 5 | N92: No | O92: No | P92: Email
A93: TCK-1092 | B93: 2025-11-22 19:26 | C93: 2025-11-26 12:08 | D93: CUST-1429 | E93: Technical Support | F93: Software Bug | G93: Medium | H93: Priya Sharma | I93: Closed | J93: 48 | K93: 88.7 | L93: No | M93: 1 | N93: No | O93: Yes | P93: Web Portal
A94: TCK-1093 | B94: 2025-12-29 13:13 | D94: CUST-2299 | E94: Customer Care | F94: Service Cancellation | G94: Medium | H94: Anita Patel | I94: Pending Customer | J94: 48 | L94: Pending | N94: No | O94: Yes | P94: Email
A95: TCK-1094 | B95: 2025-07-03 15:46 | C95: 2025-07-04 05:16 | D95: CUST-2446 | E95: Billing & Invoicing | F95: Subscription Renewal | G95: Medium | H95: Sarah Jenkins | I95: Closed | J95: 48 | K95: 13.5 | L95: Yes | M95: 4 | N95: No | O95: No | P95: Email
A96: TCK-1095 | B96: 2025-08-03 12:52 | C96: 2025-08-05 02:58 | D96: CUST-2134 | E96: Customer Care | F96: Service Cancellation | G96: Low | H96: Anita Patel | I96: Closed | J96: 72 | K96: 38.1 | L96: Yes | M96: 5 | N96: No | O96: No | P96: Email
A97: TCK-1096 | B97: 2025-09-28 10:13 | C97: 2025-09-28 20:31 | D97: CUST-1242 | E97: Product Operations | F97: Product Defect | G97: Medium | H97: Amina Yusuf | I97: Closed | J97: 48 | K97: 10.3 | L97: Yes | M97: 4 | N97: No | O97: No | P97: Web Portal
A98: TCK-1097 | B98: 2025-08-18 12:48 | C98: 2025-08-19 16:30 | D98: CUST-2361 | E98: Product Operations | F98: Configuration Error | G98: Medium | H98: Rachel Green | I98: Closed | J98: 48 | K98: 27.7 | L98: Yes | M98: 4 | N98: No | O98: No | P98: Email
A99: TCK-1098 | B99: 2025-12-19 13:47 | D99: CUST-1040 | E99: Billing & Invoicing | F99: Subscription Renewal | G99: Medium | H99: Fatima Al-Mansoor | I99: In Progress | J99: 48 | L99: Pending | N99: No | O99: No | P99: Email
A100: TCK-1099 | B100: 2025-12-03 10:20 | C100: 2025-12-11 01:08 | D100: CUST-2027 | E100: Technical Support | F100: Software Bug | G100: Low | H100: Marcus Vance | I100: Closed | J100: 72 | K100: 182.8 | L100: No | M100: 3 | N100: No | O100: No | P100: Phone
A101: TCK-1100 | B101: 2025-07-24 14:36 | C101: 2025-07-25 12:54 | D101: CUST-1456 | E101: Product Operations | F101: Data Sync Issue | G101: Medium | H101: Kevin Taylor | I101: Closed | J101: 48 | K101: 22.3 | L101: Yes | M101: 4 | N101: No | O101: No | P101: Email
A102: TCK-1101 | B102: 2025-09-23 19:39 | C102: 2025-09-24 17:51 | D102: CUST-1738 | E102: Technical Support | F102: System Outage | G102: High | H102: Alex Chen | I102: Closed | J102: 24 | K102: 22.2 | L102: Yes | M102: 4 | N102: No | O102: No | P102: Web Portal
A103: TCK-1102 | B103: 2025-07-28 14:49 | C103: 2025-08-03 17:49 | D103: CUST-1955 | E103: Product Operations | F103: Feature Request | G103: Low | H103: Kevin Taylor | I103: Closed | J103: 72 | K103: 147 | L103: No | M103: 1 | N103: No | O103: No | P103: Email
A104: TCK-1103 | B104: 2025-12-17 08:42 | C104: 2025-12-18 01:12 | D104: CUST-1447 | E104: Technical Support | F104: System Outage | G104: Medium | H104: Elena Rostova | I104: Closed | J104: 48 | K104: 16.5 | L104: Yes | M104: 4 | N104: No | O104: No | P104: Phone
A105: TCK-1104 | B105: 2025-12-13 19:16 | C105: 2025-12-14 13:28 | D105: CUST-1621 | E105: Product Operations | F105: Feature Request | G105: Low | H105: Rachel Green | I105: Closed | J105: 72 | K105: 18.2 | L105: Yes | M105: 5 | N105: Yes | O105: No | P105: Email
A106: TCK-1105 | B106: 2025-12-16 12:49 | C106: 2025-12-18 17:43 | D106: CUST-2134 | E106: Product Operations | F106: Data Sync Issue | G106: High | H106: Amina Yusuf | I106: Closed | J106: 24 | K106: 52.9 | L106: No | M106: 1 | N106: No | O106: No | P106: Email
A107: TCK-1106 | B107: 2025-10-02 12:53 | C107: 2025-10-03 02:05 | D107: CUST-1878 | E107: Customer Care | F107: Profile Update | G107: High | H107: Carlos Gomez | I107: Closed | J107: 24 | K107: 13.2 | L107: Yes | M107: 4 | N107: No | O107: No | P107: Email
A108: TCK-1107 | B108: 2025-08-20 10:39 | C108: 2025-08-20 12:15 | D108: CUST-1475 | E108: Technical Support | F108: System Outage | G108: Critical | H108: Elena Rostova | I108: Closed | J108: 8 | K108: 1.6 | L108: Yes | M108: 4 | N108: No | O108: No | P108: Email
A109: TCK-1108 | B109: 2025-09-05 19:52 | C109: 2025-09-06 06:52 | D109: CUST-2371 | E109: Product Operations | F109: Configuration Error | G109: Critical | H109: Amina Yusuf | I109: Closed | J109: 8 | K109: 11 | L109: No | M109: 2 | N109: No | O109: Yes | P109: Phone
A110: TCK-1109 | B110: 2025-11-08 10:49 | C110: 2025-11-08 17:01 | D110: CUST-1169 | E110: Billing & Invoicing | F110: Invoice Discrepancy | G110: Critical | H110: Fatima Al-Mansoor | I110: Closed | J110: 8 | K110: 6.2 | L110: Yes | M110: 3 | N110: No | O110: No | P110: Live Chat
A111: TCK-1110 | B111: 2025-08-18 13:08 | C111: 2025-08-20 07:38 | D111: CUST-1509 | E111: Technical Support | F111: Integration Issue | G111: High | H111: Marcus Vance | I111: Closed | J111: 24 | K111: 42.5 | L111: No | M111: 1 | N111: No | O111: No | P111: Email
... A118: TCK-1117 | B118: 2025-07-18 09:05 | C118: 2025-07-19 04:59 | D118: CUST-1174 | E118: Technical Support | F118: Performance Lag | G118: Medium | H118: Marcus Vance | I118: Closed | J118: 48 | K118: 19.9 | L118: Yes | M118: 3 | N118: No | O118: No | P118: Phone
A119: TCK-1118 | B119: 2025-08-02 17:52 | D119: CUST-2073 | E119: Product Operations | F119: Product Defect | G119: Critical | H119: Kevin Taylor | I119: Pending Customer | J119: 8 | L119: Pending | N119: No | O119: No | P119: Web Portal
A120: TCK-1119 | B120: 2025-09-28 15:52 | C120: 2025-09-29 10:04 | D120: CUST-1976 | E120: Billing & Invoicing | F120: Refund Request | G120: Critical | H120: Sarah Jenkins | I120: Closed | J120: 8 | K120: 18.2 | L120: No | M120: 4 | N120: No | O120: No | P120: Email
A121: TCK-1120 | B121: 2025-09-17 15:53 | C121: 2025-09-18 15:17 | D121: CUST-1245 | E121: Technical Support | F121: System Outage | G121: Medium | H121: Elena Rostova | I121: Closed | J121: 48 | K121: 23.4 | L121: Yes | M121: 5 | N121: No | O121: No | P121: Phone
A122: TCK-1121 | B122: 2025-09-08 13:27 | C122: 2025-09-08 16:15 | D122: CUST-2249 | E122: Customer Care | F122: Profile Update | G122: Critical | H122: Anita Patel | I122: Closed | J122: 8 | K122: 2.8 | L122: Yes | M122: 4 | N122: No | O122: No | P122: Web Portal
A123: TCK-1122 | B123: 2025-07-07 16:13 | C123: 2025-07-09 16:55 | D123: CUST-1847 | E123: Customer Care | F123: General Inquiry | G123: High | H123: James Wilson | I123: Closed | J123: 24 | K123: 48.7 | L123: No | M123: 2 | N123: Yes | O123: Yes | P123: Web Portal
A124: TCK-1123 | B124: 2025-08-13 15:52 | C124: 2025-08-15 02:10 | D124: CUST-1911 | E124: Technical Support | F124: Integration Issue | G124: Medium | H124: Elena Rostova | I124: Closed | J124: 48 | K124: 34.3 | L124: Yes | M124: 3 | N124: No | O124: No | P124: Phone
A125: TCK-1124 | B125: 2025-11-06 11:20 | C125: 2025-11-07 09:02 | D125: CUST-1169 | E125: Customer Care | F125: General Inquiry | G125: High | H125: Carlos Gomez | I125: Closed | J125: 24 | K125: 21.7 | L125: Yes | M125: 3 | N125: No | O125: No | P125: Web Portal
A126: TCK-1125 | B126: 2025-12-17 10:52 | D126: CUST-1731 | E126: Product Operations | F126: Configuration Error | G126: Critical | H126: Kevin Taylor | I126: In Progress | J126: 8 | L126: Pending | N126: No | O126: Yes | P126: Email
A127: TCK-1126 | B127: 2025-07-07 12:46 | C127: 2025-07-07 19:04 | D127: CUST-2393 | E127: Customer Care | F127: Service Cancellation | G127: High | H127: James Wilson | I127: Closed | J127: 24 | K127: 6.3 | L127: Yes | M127: 4 | N127: No | O127: No | P127: Phone
A128: TCK-1127 | B128: 2025-11-22 18:02 | C128: 2025-11-25 05:14 | D128: CUST-2146 | E128: Customer Care | F128: General Inquiry | G128: Medium | H128: Anita Patel | I128: Closed | J128: 48 | K128: 59.2 | L128: No | M128: 2 | N128: No | O128: No | P128: Web Portal
A129: TCK-1128 | B129: 2025-08-19 15:44 | C129: 2025-08-20 23:56 | D129: CUST-1280 | E129: Customer Care | F129: Profile Update | G129: Medium | H129: James Wilson | I129: Closed | J129: 48 | K129: 32.2 | L129: Yes | M129: 3 | N129: No | O129: No | P129: Email
A130: TCK-1129 | B130: 2025-10-02 15:48 | C130: 2025-10-02 20:24 | D130: CUST-1305 | E130: Customer Care | F130: Service Cancellation | G130: Critical | H130: Anita Patel | I130: Closed | J130: 8 | K130: 4.6 | L130: Yes | M130: 4 | N130: No | O130: No | P130: Phone
A131: TCK-1130 | B131: 2025-11-18 11:40 | C131: 2025-11-19 17:46 | D131: CUST-1685 | E131: Technical Support | F131: Integration Issue | G131: Medium | H131: Elena Rostova | I131: Closed | J131: 48 | K131: 30.1 | L131: Yes | M131: 3 | N131: No | O131: No | P131: Email
A132: TCK-1131 | B132: 2025-07-12 11:27 | C132: 2025-07-16 05:27 | D132: CUST-1661 | E132: Technical Support | F132: System Outage | G132: Medium | H132: Alex Chen | I132: Closed | J132: 48 | K132: 90 | L132: No | M132: 3 | N132: Yes | O132: No | P132: Live Chat
A133: TCK-1132 | B133: 2025-08-13 10:47 | C133: 2025-08-15 06:29 | D133: CUST-1899 | E133: Technical Support | F133: System Outage | G133: Medium | H133: Elena Rostova | I133: Closed | J133: 48 | K133: 43.7 | L133: Yes | M133: 5 | N133: No | O133: No | P133: Email
...

Sheet CLEAN DATA
A1: Ticket ID | B1: Ticket Created Date | C1: Ticket Closed Date | D1: Customer ID | E1: Support Department | F1: Issue Category | G1: Priority | H1: Assigned Agent | I1: Ticket Status | J1: SLA Target Hours | K1: Actual Resolution Hours | L1: SLA Met | M1: Customer Satisfaction Score | N1: Reopened | O1: Escalated | P1: Resolution Channel | Q1: Overdue
A2: TCK-1001 | B2: 2025-08-10 12:40 | C2: 2025-08-10 19:34 | D2: CUST-1863 | E2: Billing & Invoicing | F2: Invoice Discrepancy | G2: Critical | H2: David Kim | I2: Closed | J2: 8 | K2: 6.9 | L2: Yes | M2: 3 | N2: No | O2: Yes | P2: Web Portal | Q2: N/A
A3: TCK-1002 | B3: 2025-11-04 18:12 | C3: 2025-11-05 18:54 | D3: CUST-1136 | E3: Billing & Invoicing | F3: Subscription Renewal | G3: Medium | H3: Fatima Al-Mansoor | I3: Closed | J3: 48 | K3: 24.7 | L3: Yes | M3: 5 | N3: No | O3: No | P3: Phone | Q3: N/A
A4: TCK-1003 | B4: 2025-09-12 12:18 | C4: 2025-09-13 08:42 | D4: CUST-2123 | E4: Billing & Invoicing | F4: Subscription Renewal | G4: Medium | H4: Fatima Al-Mansoor | I4: Closed | J4: 48 | K4: 20.4 | L4: Yes | M4: 5 | N4: No | O4: No | P4: Live Chat | Q4: N/A
A5: TCK-1004 | B5: 2025-12-11 18:51 | C5: 2025-12-18 11:57 | D5: CUST-2011 | E5: Technical Support | F5: System Outage | G5: Low | H5: Alex Chen | I5: Closed | J5: 72 | K5: 161.1 | L5: No | M5: 2 | N5: No | O5: No | P5: Web Portal | Q5: N/A
A6: TCK-1005 | B6: 2025-10-01 19:59 | C6: 2025-10-03 14:35 | D6: CUST-1950 | E6: Customer Care | F6: Profile Update | G6: Low | H6: Anita Patel | I6: Closed | J6: 72 | K6: 42.6 | L6: Yes | M6: 5 | N6: No | O6: No | P6: Email | Q6: N/A
A7: TCK-1006 | B7: 2025-10-19 15:37 | C7: 2025-10-20 15:07 | D7: CUST-1505 | E7: Customer Care | F7: Account Access | G7: Medium | H7: Carlos Gomez | I7: Closed | J7: 48 | K7: 23.5 | L7: Yes | M7: 5 | N7: No | O7: No | P7: Web Portal | Q7: N/A
A8: TCK-1007 | B8: 2025-07-24 19:30 | C8: 2025-07-25 03:06 | D8: CUST-1508 | E8: Customer Care | F8: Profile Update | G8: Medium | H8: Carlos Gomez | I8: Closed | J8: 48 | K8: 7.6 | L8: Yes | M8: 5 | N8: No | O8: No | P8: Phone | Q8: N/A
A9: TCK-1008 | B9: 2025-11-19 09:24 | C9: 2025-11-19 15:06 | D9: CUST-2382 | E9: Customer Care | F9: Service Cancellation | G9: High | H9: Carlos Gomez | I9: Closed | J9: 24 | K9: 5.7 | L9: Yes | M9: 4 | N9: No | O9: No | P9: Email | Q9: N/A
A10: TCK-1009 | B10: 2025-09-06 19:01 | C10: 2025-09-07 02:07 | D10: CUST-1813 | E10: Product Operations | F10: Feature Request | G10: Critical | H10: Amina Yusuf | I10: Closed | J10: 8 | K10: 7.1 | L10: Yes | M10: 5 | N10: No | O10: No | P10: Email | Q10: N/A
A11: TCK-1010 | B11: 2025-10-31 19:50 | C11: 2025-11-01 19:50 | D11: CUST-2076 | E11: Technical Support | F11: Performance Lag | G11: Medium | H11: Alex Chen | I11: Closed | J11: 48 | K11: 24 | L11: Yes | M11: 4 | N11: No | O11: No | P11: Web Portal | Q11: N/A
A12: TCK-1011 | B12: 2025-10-02 14:28 | C12: 2025-10-03 05:28 | D12: CUST-1705 | E12: Billing & Invoicing | F12: Invoice Discrepancy | G12: Medium | H12: Sarah Jenkins | I12: Closed | J12: 48 | K12: 15 | L12: Yes | M12: 4 | N12: No | O12: No | P12: Email | Q12: N/A
A13: TCK-1012 | B13: 2025-10-12 15:52 | C13: 2025-10-12 18:40 | D13: CUST-1208 | E13: Customer Care | F13: Account Access | G13: Critical | H13: James Wilson | I13: Closed | J13: 8 | K13: 2.8 | L13: Yes | M13: 5 | N13: Yes | O13: No | P13: Live Chat | Q13: N/A
... A18: TCK-1017 | B18: 2025-10-21 12:01 | C18: 2025-10-21 21:49 | D18: CUST-1380 | E18: Technical Support | F18: Integration Issue | G18: Medium | H18: Alex Chen | I18: Closed | J18: 48 | K18: 9.8 | L18: Yes | M18: 4 | N18: No | O18: No | P18: Email | Q18: N/A
A19: TCK-1018 | B19: 2025-09-26 14:32 | D19: CUST-1494 | E19: Product Operations | F19: Data Sync Issue | G19: Medium | H19: Rachel Green | I19: In Progress | J19: 48 | L19: Pending | N19: No | O19: No | P19: Live Chat | Q19: Yes
A20: TCK-1019 | B20: 2025-10-18 19:52 | C20: 2025-10-19 12:34 | D20: CUST-1223 | E20: Customer Care | F20: Service Cancellation | G20: High | H20: James Wilson | I20: Closed | J20: 24 | K20: 16.7 | L20: Yes | M20: 5 | N20: No | O20: No | P20: Email | Q20: N/A
A21: TCK-1020 | B21: 2025-12-03 14:15 | C21: 2025-12-03 18:39 | D21: CUST-1017 | E21: Billing & Invoicing | F21: Subscription Renewal | G21: Critical | H21: Fatima Al-Mansoor | I21: Closed | J21: 8 | K21: 4.4 | L21: Yes | M21: 3 | N21: No | O21: No | P21: Live Chat | Q21: N/A
A22: TCK-1021 | B22: 2025-10-30 12:51 | C22: 2025-10-31 13:57 | D22: CUST-1211 | E22: Product Operations | F22: Feature Request | G22: Low | H22: Rachel Green | I22: Closed | J22: 72 | K22: 25.1 | L22: Yes | M22: 3 | N22: No | O22: No | P22: Phone | Q22: N/A
A23: TCK-1022 | B23: 2025-10-30 12:43 | C23: 2025-11-04 18:19 | D23: CUST-1675 | E23: Billing & Invoicing | F23: Invoice Discrepancy | G23: Medium | H23: David Kim | I23: Closed | J23: 48 | K23: 125.6 | L23: No | M23: 1 | N23: No | O23: No | P23: Phone | Q23: N/A
A24: TCK-1023 | B24: 2025-09-08 09:27 | C24: 2025-09-09 07:15 | D24: CUST-1581 | E24: Technical Support | F24: Software Bug | G24: High | H24: Alex Chen | I24: Closed | J24: 24 | K24: 21.8 | L24: Yes | M24: 4 | N24: No | O24: No | P24: Web Portal | Q24: N/A
A25: TCK-1024 | B25: 2025-10-04 19:48 | C25: 2025-10-07 01:42 | D25: CUST-1600 | E25: Technical Support | F25: System Outage | G25: High | H25: Alex Chen | I25: Closed | J25: 24 | K25: 53.9 | L25: No | M25: 1 | N25: No | O25: No | P25: Web Portal | Q25: N/A
A26: TCK-1025 | B26: 2025-08-26 09:29 | C26: 2025-08-27 09:53 | D26: CUST-1526 | E26: Customer Care | F26: Profile Update | G26: Medium | H26: Carlos Gomez | I26: Closed | J26: 48 | K26: 24.4 | L26: Yes | M26: 4 | N26: No | O26: No | P26: Phone | Q26: N/A
A27: TCK-1026 | B27: 2025-12-09 19:28 | C27: 2025-12-10 23:04 | D27: CUST-1712 | E27: Billing & Invoicing | F27: Subscription Renewal | G27: Medium | H27: David Kim | I27: Closed | J27: 48 | K27: 27.6 | L27: Yes | M27: 3 | N27: No | O27: No | P27: Email | Q27: N/A
A28: TCK-1027 | B28: 2025-11-18 18:32 | C28: 2025-11-20 15:26 | D28: CUST-1385 | E28: Customer Care | F28: Account Access | G28: Medium | H28: James Wilson | I28: Closed | J28: 48 | K28: 44.9 | L28: Yes | M28: 4 | N28: No | O28: No | P28: Phone | Q28: N/A
A29: TCK-1028 | B29: 2025-11-15 11:57 | C29: 2025-11-17 05:21 | D29: CUST-1344 | E29: Product Operations | F29: Configuration Error | G29: Medium | H29: Kevin Taylor | I29: Closed | J29: 48 | K29: 41.4 | L29: Yes | M29: 3 | N29: No | O29: No | P29: Web Portal | Q29: N/A
A30: TCK-1029 | B30: 2025-11-08 15:37 | C30: 2025-11-09 12:49 | D30: CUST-1616 | E30: Billing & Invoicing | F30: Payment Failure | G30: Critical | H30: Sarah Jenkins | I30: Closed | J30: 8 | K30: 21.2 | L30: No | M30: 2 | N30: No | O30: No | P30: Phone | Q30: N/A
A31: TCK-1030 | B31: 2025-11-09 14:36 | C31: 2025-11-10 04:18 | D31: CUST-1261 | E31: Billing & Invoicing | F31: Invoice Discrepancy | G31: High | H31: Fatima Al-Mansoor | I31: Closed | J31: 24 | K31: 13.7 | L31: Yes | M31: 4 | N31: No | O31: Yes | P31: Email | Q31: N/A
... A47: TCK-1046 | B47: 2025-07-11 09:58 | C47: 2025-07-11 22:46 | D47: CUST-1635 | E47: Product Operations | F47: Feature Request | G47: High | H47: Rachel Green | I47: Closed | J47: 24 | K47: 12.8 | L47: Yes | M47: 5 | N47: No | O47: No | P47: Email | Q47: N/A
A48: TCK-1047 | B48: 2025-12-19 16:04 | D48: CUST-1789 | E48: Customer Care | F48: Account Access | G48: Medium | H48: James Wilson | I48: Pending Customer | J48: 48 | L48: Pending | N48: No | O48: No | P48: Email | Q48: Yes
A49: TCK-1048 | B49: 2025-08-27 08:22 | C49: 2025-08-27 12:22 | D49: CUST-2204 | E49: Product Operations | F49: Configuration Error | G49: Critical | H49: Amina Yusuf | I49: Closed | J49: 8 | K49: 4 | L49: Yes | M49: 4 | N49: No | O49: No | P49: Live Chat | Q49: N/A
A50: TCK-1049 | B50: 2025-10-22 11:43 | C50: 2025-10-23 21:49 | D50: CUST-1491 | E50: Technical Support | F50: Integration Issue | G50: Medium | H50: Marcus Vance | I50: Closed | J50: 48 | K50: 34.1 | L50: Yes | M50: 3 | N50: No | O50: No | P50: Email | Q50: N/A
A51: TCK-1050 | B51: 2025-11-25 19:49 | C51: 2025-11-26 06:01 | D51: CUST-2110 | E51: Billing & Invoicing | F51: Payment Failure | G51: Medium | H51: Sarah Jenkins | I51: Closed | J51: 48 | K51: 10.2 | L51: Yes | M51: 5 | N51: No | O51: No | P51: Web Portal | Q51: N/A
A52: TCK-1051 | B52: 2025-07-07 18:44 | C52: 2025-07-08 06:26 | D52: CUST-1431 | E52: Customer Care | F52: Profile Update | G52: Critical | H52: Anita Patel | I52: Closed | J52: 8 | K52: 11.7 | L52: No | M52: 1 | N52: Yes | O52: No | P52: Email | Q52: N/A
A53: TCK-1052 | B53: 2025-07-30 10:09 | C53: 2025-07-31 07:39 | D53: CUST-1065 | E53: Technical Support | F53: Integration Issue | G53: Medium | H53: Marcus Vance | I53: Closed | J53: 48 | K53: 21.5 | L53: Yes | M53: 4 | N53: No | O53: No | P53: Web Portal | Q53: N/A
A54: TCK-1053 | B54: 2025-09-24 14:01 | C54: 2025-09-24 21:55 | D54: CUST-1663 | E54: Customer Care | F54: Profile Update | G54: Medium | H54: Carlos Gomez | I54: Closed | J54: 48 | K54: 7.9 | L54: Yes | M54: 4 | N54: No | O54: No | P54: Web Portal | Q54: N/A
A55: TCK-1054 | B55: 2025-11-21 08:47 | C55: 2025-11-22 19:35 | D55: CUST-2399 | E55: Technical Support | F55: Software Bug | G55: Low | H55: Marcus Vance | I55: Closed | J55: 72 | K55: 34.8 | L55: Yes | M55: 1 | N55: No | O55: No | P55: Web Portal | Q55: N/A
A56: TCK-1055 | B56: 2025-11-24 08:45 | C56: 2025-11-24 15:39 | D56: CUST-1279 | E56: Billing & Invoicing | F56: Refund Request | G56: High | H56: Sarah Jenkins | I56: Closed | J56: 24 | K56: 6.9 | L56: Yes | M56: 4 | N56: No | O56: No | P56: Phone | Q56: N/A
A57: TCK-1056 | B57: 2025-08-04 12:37 | C57: 2025-08-06 07:25 | D57: CUST-1519 | E57: Technical Support | F57: Software Bug | G57: High | H57: Priya Sharma | I57: Closed | J57: 24 | K57: 42.8 | L57: No | M57: 2 | N57: Yes | O57: No | P57: Email | Q57: N/A
A58: TCK-1057 | B58: 2025-08-23 14:01 | C58: 2025-08-23 23:25 | D58: CUST-1831 | E58: Customer Care | F58: General Inquiry | G58: Medium | H58: Carlos Gomez | I58: Closed | J58: 48 | K58: 9.4 | L58: Yes | M58: 3 | N58: No | O58: No | P58: Web Portal | Q58: N/A
A59: TCK-1058 | B59: 2025-07-07 08:15 | C59: 2025-07-09 19:33 | D59: CUST-2451 | E59: Customer Care | F59: Service Cancellation | G59: High | H59: Carlos Gomez | I59: Closed | J59: 24 | K59: 59.3 | L59: No | M59: 3 | N59: No | O59: No | P59: Web Portal | Q59: N/A
A60: TCK-1059 | B60: 2025-09-23 14:57 | C60: 2025-09-24 03:21 | D60: CUST-1746 | E60: Customer Care | F60: Profile Update | G60: Medium | H60: Anita Patel | I60: Closed | J60: 48 | K60: 12.4 | L60: Yes | M60: 4 | N60: No | O60: No | P60: Phone | Q60: N/A
... A69: TCK-1068 | B69: 2025-08-26 13:26 | C69: 2025-08-28 13:56 | D69: CUST-1885 | E69: Technical Support | F69: Software Bug | G69: Low | H69: Alex Chen | I69: Closed | J69: 72 | K69: 48.5 | L69: Yes | M69: 4 | N69: No | O69: No | P69: Phone | Q69: N/A
A70: TCK-1069 | B70: 2025-12-17 13:27 | D70: CUST-1832 | E70: Billing & Invoicing | F70: Payment Failure | G70: High | H70: David Kim | I70: In Progress | J70: 24 | L70: Pending | N70: No | O70: No | P70: Web Portal | Q70: Yes
A71: TCK-1070 | B71: 2025-07-05 11:42 | C71: 2025-07-06 08:54 | D71: CUST-2461 | E71: Technical Support | F71: Software Bug | G71: Medium | H71: Elena Rostova | I71: Closed | J71: 48 | K71: 21.2 | L71: Yes | M71: 4 | N71: No | O71: No | P71: Email | Q71: N/A
A72: TCK-1071 | B72: 2025-10-14 15:14 | C72: 2025-10-15 21:26 | D72: CUST-2369 | E72: Technical Support | F72: Software Bug | G72: Low | H72: Marcus Vance | I72: Closed | J72: 72 | K72: 30.2 | L72: Yes | M72: 3 | N72: No | O72: No | P72: Email | Q72: N/A
A73: TCK-1072 | B73: 2025-11-21 13:37 | C73: 2025-11-22 03:13 | D73: CUST-1313 | E73: Customer Care | F73: Service Cancellation | G73: Medium | H73: Anita Patel | I73: Closed | J73: 48 | K73: 13.6 | L73: Yes | M73: 4 | N73: No | O73: No | P73: Email | Q73: N/A
A74: TCK-1073 | B74: 2025-11-29 17:31 | C74: 2025-11-30 01:01 | D74: CUST-1175 | E74: Product Operations | F74: Configuration Error | G74: Critical | H74: Kevin Taylor | I74: Closed | J74: 8 | K74: 7.5 | L74: Yes | M74: 3 | N74: No | O74: No | P74: Email | Q74: N/A
A75: TCK-1074 | B75: 2025-08-31 17:27 | C75: 2025-09-01 06:21 | D75: CUST-2228 | E75: Billing & Invoicing | F75: Subscription Renewal | G75: Medium | H75: David Kim | I75: Closed | J75: 48 | K75: 12.9 | L75: Yes | M75: 5 | N75: No | O75: No | P75: Email | Q75: N/A
A76: TCK-1075 | B76: 2025-10-15 11:43 | C76: 2025-10-16 18:37 | D76: CUST-1779 | E76: Product Operations | F76: Data Sync Issue | G76: Medium | H76: Rachel Green | I76: Closed | J76: 48 | K76: 30.9 | L76: Yes | M76: 4 | N76: No | O76: No | P76: Web Portal | Q76: N/A
A77: TCK-1076 | B77: 2025-09-25 15:20 | C77: 2025-09-26 16:20 | D77: CUST-2155 | E77: Technical Support | F77: Software Bug | G77: Medium | H77: Priya Sharma | I77: Closed | J77: 48 | K77: 25 | L77: Yes | M77: 4 | N77: No | O77: No | P77: Phone | Q77: N/A
A78: TCK-1077 | B78: 2025-07-30 19:37 | C78: 2025-08-01 00:55 | D78: CUST-2369 | E78: Product Operations | F78: Data Sync Issue | G78: Medium | H78: Amina Yusuf | I78: Closed | J78: 48 | K78: 29.3 | L78: Yes | M78: 3 | N78: No | O78: No | P78: Phone | Q78: N/A
A79: TCK-1078 | B79: 2025-10-02 14:43 | C79: 2025-10-04 05:07 | D79: CUST-2069 | E79: Technical Support | F79: System Outage | G79: Medium | H79: Alex Chen | I79: Closed | J79: 48 | K79: 38.4 | L79: Yes | M79: 5 | N79: No | O79: No | P79: Live Chat | Q79: N/A
A80: TCK-1079 | B80: 2025-12-29 19:51 | D80: CUST-2385 | E80: Billing & Invoicing | F80: Invoice Discrepancy | G80: High | H80: Sarah Jenkins | I80: In Progress | J80: 24 | L80: Pending | N80: No | O80: No | P80: Email | Q80: Yes
A81: TCK-1080 | B81: 2025-12-02 18:59 | C81: 2025-12-02 21:47 | D81: CUST-1823 | E81: Technical Support | F81: Software Bug | G81: Critical | H81: Elena Rostova | I81: Closed | J81: 8 | K81: 2.8 | L81: Yes | M81: 5 | N81: No | O81: No | P81: Web Portal | Q81: N/A
A82: TCK-1081 | B82: 2025-09-30 11:05 | C82: 2025-09-30 21:53 | D82: CUST-1470 | E82: Billing & Invoicing | F82: Subscription Renewal | G82: Medium | H82: David Kim | I82: Closed | J82: 48 | K82: 10.8 | L82: Yes | M82: 4 | N82: No | O82: No | P82: Email | Q82: N/A
A83: TCK-1082 | B83: 2025-09-08 16:27 | C83: 2025-09-11 23:51 | D83: CUST-1698 | E83: Customer Care | F83: Profile Update | G83: Medium | H83: Anita Patel | I83: Closed | J83: 48 | K83: 79.4 | L83: No | M83: 2 | N83: No | O83: Yes | P83: Email | Q83: N/A
A84: TCK-1083 | B84: 2025-09-03 16:55 | C84: 2025-09-04 14:31 | D84: CUST-1005 | E84: Product Operations | F84: Data Sync Issue | G84: High | H84: Kevin Taylor | I84: Closed | J84: 24 | K84: 21.6 | L84: Yes | M84: 2 | N84: No | O84: No | P84: Web Portal | Q84: N/A
A85: TCK-1084 | B85: 2025-07-25 09:36 | C85: 2025-07-26 09:54 | D85: CUST-1171 | E85: Customer Care | F85: Profile Update | G85: Medium | H85: Anita Patel | I85: Closed | J85: 48 | K85: 24.3 | L85: Yes | M85: 4 | N85: No | O85: No | P85: Email | Q85: N/A
A86: TCK-1085 | B86: 2025-12-06 14:13 | C86: 2025-12-07 20:49 | D86: CUST-2318 | E86: Customer Care | F86: General Inquiry | G86: Medium | H86: Anita Patel | I86: Closed | J86: 48 | K86: 30.6 | L86: Yes | M86: 4 | N86: No | O86: No | P86: Web Portal | Q86: N/A
A87: TCK-1086 | B87: 2025-08-07 16:34 | C87: 2025-08-09 23:52 | D87: CUST-1365 | E87: Product Operations | F87: Data Sync Issue | G87: Low | H87: Amina Yusuf | I87: Closed | J87: 72 | K87: 55.3 | L87: Yes | M87: 5 | N87: No | O87: No | P87: Live Chat | Q87: N/A
A88: TCK-1087 | B88: 2025-10-13 13:51 | C88: 2025-10-14 21:39 | D88: CUST-1311 | E88: Technical Support | F88: Software Bug | G88: Medium | H88: Elena Rostova | I88: Closed | J88: 48 | K88: 31.8 | L88: Yes | M88: 4 | N88: No | O88: No | P88: Phone | Q88: N/A
A89: TCK-1088 | B89: 2025-09-05 13:05 | C89: 2025-09-06 02:35 | D89: CUST-1002 | E89: Technical Support | F89: Performance Lag | G89: Critical | H89: Elena Rostova | I89: Closed | J89: 8 | K89: 13.5 | L89: No | M89: 2 | N89: No | O89: Yes | P89: Phone | Q89: N/A
A90: TCK-1089 | B90: 2025-10-24 10:24 | C90: 2025-10-25 02:36 | D90: CUST-1142 | E90: Product Operations | F90: Configuration Error | G90: Critical | H90: Rachel Green | I90: Closed | J90: 8 | K90: 16.2 | L90: No | M90: 2 | N90: Yes | O90: Yes | P90: Email | Q90: N/A
A91: TCK-1090 | B91: 2025-08-01 13:50 | C91: 2025-08-02 04:20 | D91: CUST-1086 | E91: Product Operations | F91: Configuration Error | G91: High | H91: Rachel Green | I91: Closed | J91: 24 | K91: 14.5 | L91: Yes | M91: 5 | N91: No | O91: Yes | P91: Email | Q91: N/A
A92: TCK-1091 | B92: 2025-10-06 09:18 | C92: 2025-10-06 16:06 | D92: CUST-1466 | E92: Technical Support | F92: Software Bug | G92: Critical | H92: Marcus Vance | I92: Closed | J92: 8 | K92: 6.8 | L92: Yes | M92: 5 | N92: No | O92: No | P92: Email | Q92: N/A
A93: TCK-1092 | B93: 2025-11-22 19:26 | C93: 2025-11-26 12:08 | D93: CUST-1429 | E93: Technical Support | F93: Software Bug | G93: Medium | H93: Priya Sharma | I93: Closed | J93: 48 | K93: 88.7 | L93: No | M93: 1 | N93: No | O93: Yes | P93: Web Portal | Q93: N/A
A94: TCK-1093 | B94: 2025-12-29 13:13 | D94: CUST-2299 | E94: Customer Care | F94: Service Cancellation | G94: Medium | H94: Anita Patel | I94: Pending Customer | J94: 48 | L94: Pending | N94: No | O94: Yes | P94: Email | Q94: Yes
A95: TCK-1094 | B95: 2025-07-03 15:46 | C95: 2025-07-04 05:16 | D95: CUST-2446 | E95: Billing & Invoicing | F95: Subscription Renewal | G95: Medium | H95: Sarah Jenkins | I95: Closed | J95: 48 | K95: 13.5 | L95: Yes | M95: 4 | N95: No | O95: No | P95: Email | Q95: N/A
A96: TCK-1095 | B96: 2025-08-03 12:52 | C96: 2025-08-05 02:58 | D96: CUST-2134 | E96: Customer Care | F96: Service Cancellation | G96: Low | H96: Anita Patel | I96: Closed | J96: 72 | K96: 38.1 | L96: Yes | M96: 5 | N96: No | O96: No | P96: Email | Q96: N/A
A97: TCK-1096 | B97: 2025-09-28 10:13 | C97: 2025-09-28 20:31 | D97: CUST-1242 | E97: Product Operations | F97: Product Defect | G97: Medium | H97: Amina Yusuf | I97: Closed | J97: 48 | K97: 10.3 | L97: Yes | M97: 4 | N97: No | O97: No | P97: Web Portal | Q97: N/A
A98: TCK-1097 | B98: 2025-08-18 12:48 | C98: 2025-08-19 16:30 | D98: CUST-2361 | E98: Product Operations | F98: Configuration Error | G98: Medium | H98: Rachel Green | I98: Closed | J98: 48 | K98: 27.7 | L98: Yes | M98: 4 | N98: No | O98: No | P98: Email | Q98: N/A
A99: TCK-1098 | B99: 2025-12-19 13:47 | D99: CUST-1040 | E99: Billing & Invoicing | F99: Subscription Renewal | G99: Medium | H99: Fatima Al-Mansoor | I99: In Progress | J99: 48 | L99: Pending | N99: No | O99: No | P99: Email | Q99: Yes
A100: TCK-1099 | B100: 2025-12-03 10:20 | C100: 2025-12-11 01:08 | D100: CUST-2027 | E100: Technical Support | F100: Software Bug | G100: Low | H100: Marcus Vance | I100: Closed | J100: 72 | K100: 182.8 | L100: No | M100: 3 | N100: No | O100: No | P100: Phone | Q100: N/A
A101: TCK-1100 | B101: 2025-07-24 14:36 | C101: 2025-07-25 12:54 | D101: CUST-1456 | E101: Product Operations | F101: Data Sync Issue | G101: Medium | H101: Kevin Taylor | I101: Closed | J101: 48 | K101: 22.3 | L101: Yes | M101: 4 | N101: No | O101: No | P101: Email | Q101: N/A
A102: TCK-1101 | B102: 2025-09-23 19:39 | C102: 2025-09-24 17:51 | D102: CUST-1738 | E102: Technical Support | F102: System Outage | G102: High | H102: Alex Chen | I102: Closed | J102: 24 | K102: 22.2 | L102: Yes | M102: 4 | N102: No | O102: No | P102: Web Portal | Q102: N/A
A103: TCK-1102 | B103: 2025-07-28 14:49 | C103: 2025-08-03 17:49 | D103: CUST-1955 | E103: Product Operations | F103: Feature Request | G103: Low | H103: Kevin Taylor | I103: Closed | J103: 72 | K103: 147 | L103: No | M103: 1 | N103: No | O103: No | P103: Email | Q103: N/A
A104: TCK-1103 | B104: 2025-12-17 08:42 | C104: 2025-12-18 01:12 | D104: CUST-1447 | E104: Technical Support | F104: System Outage | G104: Medium | H104: Elena Rostova | I104: Closed | J104: 48 | K104: 16.5 | L104: Yes | M104: 4 | N104: No | O104: No | P104: Phone | Q104: N/A
A105: TCK-1104 | B105: 2025-12-13 19:16 | C105: 2025-12-14 13:28 | D105: CUST-1621 | E105: Product Operations | F105: Feature Request | G105: Low | H105: Rachel Green | I105: Closed | J105: 72 | K105: 18.2 | L105: Yes | M105: 5 | N105: Yes | O105: No | P105: Email | Q105: N/A
A106: TCK-1105 | B106: 2025-12-16 12:49 | C106: 2025-12-18 17:43 | D106: CUST-2134 | E106: Product Operations | F106: Data Sync Issue | G106: High | H106: Amina Yusuf | I106: Closed | J106: 24 | K106: 52.9 | L106: No | M106: 1 | N106: No | O106: No | P106: Email | Q106: N/A
A107: TCK-1106 | B107: 2025-10-02 12:53 | C107: 2025-10-03 02:05 | D107: CUST-1878 | E107: Customer Care | F107: Profile Update | G107: High | H107: Carlos Gomez | I107: Closed | J107: 24 | K107: 13.2 | L107: Yes | M107: 4 | N107: No | O107: No | P107: Email | Q107: N/A
A108: TCK-1107 | B108: 2025-08-20 10:39 | C108: 2025-08-20 12:15 | D108: CUST-1475 | E108: Technical Support | F108: System Outage | G108: Critical | H108: Elena Rostova | I108: Closed | J108: 8 | K108: 1.6 | L108: Yes | M108: 4 | N108: No | O108: No | P108: Email | Q108: N/A
A109: TCK-1108 | B109: 2025-09-05 19:52 | C109: 2025-09-06 06:52 | D109: CUST-2371 | E109: Product Operations | F109: Configuration Error | G109: Critical | H109: Amina Yusuf | I109: Closed | J109: 8 | K109: 11 | L109: No | M109: 2 | N109: No | O109: Yes | P109: Phone | Q109: N/A
A110: TCK-1109 | B110: 2025-11-08 10:49 | C110: 2025-11-08 17:01 | D110: CUST-1169 | E110: Billing & Invoicing | F110: Invoice Discrepancy | G110: Critical | H110: Fatima Al-Mansoor | I110: Closed | J110: 8 | K110: 6.2 | L110: Yes | M110: 3 | N110: No | O110: No | P110: Live Chat | Q110: N/A
A111: TCK-1110 | B111: 2025-08-18 13:08 | C111: 2025-08-20 07:38 | D111: CUST-1509 | E111: Technical Support | F111: Integration Issue | G111: High | H111: Marcus Vance | I111: Closed | J111: 24 | K111: 42.5 | L111: No | M111: 1 | N111: No | O111: No | P111: Email | Q111: N/A
... A118: TCK-1117 | B118: 2025-07-18 09:05 | C118: 2025-07-19 04:59 | D118: CUST-1174 | E118: Technical Support | F118: Performance Lag | G118: Medium | H118: Marcus Vance | I118: Closed | J118: 48 | K118: 19.9 | L118: Yes | M118: 3 | N118: No | O118: No | P118: Phone | Q118: N/A
A119: TCK-1118 | B119: 2025-08-02 17:52 | D119: CUST-2073 | E119: Product Operations | F119: Product Defect | G119: Critical | H119: Kevin Taylor | I119: Pending Customer | J119: 8 | L119: Pending | N119: No | O119: No | P119: Web Portal | Q119: Yes
A120: TCK-1119 | B120: 2025-09-28 15:52 | C120: 2025-09-29 10:04 | D120: CUST-1976 | E120: Billing & Invoicing | F120: Refund Request | G120: Critical | H120: Sarah Jenkins | I120: Closed | J120: 8 | K120: 18.2 | L120: No | M120: 4 | N120: No | O120: No | P120: Email | Q120: N/A
A121: TCK-1120 | B121: 2025-09-17 15:53 | C121: 2025-09-18 15:17 | D121: CUST-1245 | E121: Technical Support | F121: System Outage | G121: Medium | H121: Elena Rostova | I121: Closed | J121: 48 | K121: 23.4 | L121: Yes | M121: 5 | N121: No | O121: No | P121: Phone | Q121: N/A
A122: TCK-1121 | B122: 2025-09-08 13:27 | C122: 2025-09-08 16:15 | D122: CUST-2249 | E122: Customer Care | F122: Profile Update | G122: Critical | H122: Anita Patel | I122: Closed | J122: 8 | K122: 2.8 | L122: Yes | M122: 4 | N122: No | O122: No | P122: Web Portal | Q122: N/A
A123: TCK-1122 | B123: 2025-07-07 16:13 | C123: 2025-07-09 16:55 | D123: CUST-1847 | E123: Customer Care | F123: General Inquiry | G123: High | H123: James Wilson | I123: Closed | J123: 24 | K123: 48.7 | L123: No | M123: 2 | N123: Yes | O123: Yes | P123: Web Portal | Q123: N/A
A124: TCK-1123 | B124: 2025-08-13 15:52 | C124: 2025-08-15 02:10 | D124: CUST-1911 | E124: Technical Support | F124: Integration Issue | G124: Medium | H124: Elena Rostova | I124: Closed | J124: 48 | K124: 34.3 | L124: Yes | M124: 3 | N124: No | O124: No | P124: Phone | Q124: N/A
A125: TCK-1124 | B125: 2025-11-06 11:20 | C125: 2025-11-07 09:02 | D125: CUST-1169 | E125: Customer Care | F125: General Inquiry | G125: High | H125: Carlos Gomez | I125: Closed | J125: 24 | K125: 21.7 | L125: Yes | M125: 3 | N125: No | O125: No | P125: Web Portal | Q125: N/A
A126: TCK-1125 | B126: 2025-12-17 10:52 | D126: CUST-1731 | E126: Product Operations | F126: Configuration Error | G126: Critical | H126: Kevin Taylor | I126: In Progress | J126: 8 | L126: Pending | N126: No | O126: Yes | P126: Email | Q126: Yes
A127: TCK-1126 | B127: 2025-07-07 12:46 | C127: 2025-07-07 19:04 | D127: CUST-2393 | E127: Customer Care | F127: Service Cancellation | G127: High | H127: James Wilson | I127: Closed | J127: 24 | K127: 6.3 | L127: Yes | M127: 4 | N127: No | O127: No | P127: Phone | Q127: N/A
A128: TCK-1127 | B128: 2025-11-22 18:02 | C128: 2025-11-25 05:14 | D128: CUST-2146 | E128: Customer Care | F128: General Inquiry | G128: Medium | H128: Anita Patel | I128: Closed | J128: 48 | K128: 59.2 | L128: No | M128: 2 | N128: No | O128: No | P128: Web Portal | Q128: N/A
A129: TCK-1128 | B129: 2025-08-19 15:44 | C129: 2025-08-20 23:56 | D129: CUST-1280 | E129: Customer Care | F129: Profile Update | G129: Medium | H129: James Wilson | I129: Closed | J129: 48 | K129: 32.2 | L129: Yes | M129: 3 | N129: No | O129: No | P129: Email | Q129: N/A
A130: TCK-1129 | B130: 2025-10-02 15:48 | C130: 2025-10-02 20:24 | D130: CUST-1305 | E130: Customer Care | F130: Service Cancellation | G130: Critical | H130: Anita Patel | I130: Closed | J130: 8 | K130: 4.6 | L130: Yes | M130: 4 | N130: No | O130: No | P130: Phone | Q130: N/A
A131: TCK-1130 | B131: 2025-11-18 11:40 | C131: 2025-11-19 17:46 | D131: CUST-1685 | E131: Technical Support | F131: Integration Issue | G131: Medium | H131: Elena Rostova | I131: Closed | J131: 48 | K131: 30.1 | L131: Yes | M131: 3 | N131: No | O131: No | P131: Email | Q131: N/A
A132: TCK-1131 | B132: 2025-07-12 11:27 | C132: 2025-07-16 05:27 | D132: CUST-1661 | E132: Technical Support | F132: System Outage | G132: Medium | H132: Alex Chen | I132: Closed | J132: 48 | K132: 90 | L132: No | M132: 3 | N132: Yes | O132: No | P132: Live Chat | Q132: N/A
A133: TCK-1132 | B133: 2025-08-13 10:47 | C133: 2025-08-15 06:29 | D133: CUST-1899 | E133: Technical Support | F133: System Outage | G133: Medium | H133: Elena Rostova | I133: Closed | J133: 48 | K133: 43.7 | L133: Yes | M133: 5 | N133: No | O133: No | P133: Email | Q133: N/A
...

Sheet KPI ANALYSIS
A1: NEXORA CUSTOMER SOLUTIONS - MASTER KPI PERFORMANCE SCORECARD
A2: Reporting Period: July 1, 2025 - December 31, 2025 | Total Records Analyzed: 550
A4: KPI Metric | B4: Formula / Excel Definition | C4: Calculated Value | D4: Operational Benchmark | E4: Status / Variance | F4: Business Impact & Interpretation
A5: Total Tickets Received | B5: =COUNTA('CLEAN DATA'!A2:A551) -> 550 | C5: 550 | D5: N/A (Volume) | E5: Baseline Volume | F5: Total support inquiry load ingested across all channels.
A6: Total Resolved Tickets | B6: =COUNTIF('CLEAN DATA'!I2:I551, "Closed") -> 501 | C6: 501 | D6: >= 90.0% | E6: 91.1% Resolved (Healthy) | F6: Queries successfully closed and validated by support.
A7: Total Open Tickets | B7: =COUNTIF('CLEAN DATA'!I2:I551, "<>Closed") -> 49 | C7: 49 | D7: < 10.0% | E7: 8.9% Open Backlog | F7: Active cases currently under investigation or awaiting customer reply.
A8: Overdue Open Tickets | B8: =COUNTIF('CLEAN DATA'!Q2:Q551, "Yes") -> 47 | C8: 47 | D8: 0 Tickets | E8: 47 Overdue (Action Req.) | F8: Active tickets whose elapsed time exceeds SLA resolution target.
A9: Ticket Resolution Rate | B9: =C6/C5 -> 0.91090909 | C9: 0.91090909 | D9: >= 90.0% | E9: +1.1% vs Target | F9: Proportion of total tickets resolved within the operating period.
A10: SLA Compliance Rate | B10: =COUNTIF('CLEAN DATA'!L2:L551, "Yes")/C6 -> 0.77045908 | C10: 0.77045908 | D10: >= 85.0% | E10: -8.0% vs Target | F10: Percentage of closed tickets resolved within agreed SLA hours.
A11: Average Resolution Time (Hours) | B11: =AVERAGE('CLEAN DATA'!K2:K551) -> 34.358483 | C11: 34.4 | D11: <= 32.0 Hours | E11: +2.4 Hours vs Target | F11: Mean elapsed business turnaround time per closed ticket.
A12: Average Customer Satisfaction (CSAT) | B12: =AVERAGE('CLEAN DATA'!M2:M551) -> 3.5409182 | C12: 3.54 | D12: >= 4.00 / 5.00 | E12: -0.46 Deficit | F12: Overall client satisfaction score on 1-5 post-resolution rating.
A13: Ticket Escalation Rate | B13: =COUNTIF('CLEAN DATA'!O2:O551, "Yes")/C5 -> 0.098181818 | C13: 0.098181818 | D13: <= 8.0% | E13: Above Target — Improvement Required | F13: Percentage of inquiries escalated to senior tier engineers/leads.
A14: Ticket Reopening Rate | B14: =COUNTIF('CLEAN DATA'!N2:N551, "Yes")/C5 -> 0.10181818 | C14: 0.10181818 | D14: <= 6.0% | E14: +3.6% Over Limit | F14: Percentage of resolved tickets reopened due to recurring issues.

Sheet MONTHLY SUMMARY
A1: NEXORA CUSTOMER SOLUTIONS - MONTHLY OPERATIONAL TRENDS
A2: Historical Support Volume & Efficiency Trajectory (July - December 2025)
A4: Month | B4: Total Inflow | C4: Resolved Tickets | D4: Open Tickets | E4: Resolution Rate | F4: SLA Met | G4: SLA Compliance % | H4: Avg Resolution (Hrs) | I4: Avg CSAT | J4: Escalated | K4: Reopened
A5: 2025-07 | B5: 95 | C5: 90 | D5: 5 | E5: 0.947 | F5: 67 | G5: 0.744 | H5: 35.7 | I5: 3.43 | J5: 11 | K5: 10
A6: 2025-08 | B6: 93 | C6: 86 | D6: 7 | E6: 0.925 | F6: 68 | G6: 0.791 | H6: 34.9 | I6: 3.51 | J6: 9 | K6: 8
A7: 2025-09 | B7: 90 | C7: 85 | D7: 5 | E7: 0.944 | F7: 68 | G7: 0.8 | H7: 30.8 | I7: 3.69 | J7: 9 | K7: 8
A8: 2025-10 | B8: 89 | C8: 78 | D8: 11 | E8: 0.876 | F8: 63 | G8: 0.808 | H8: 34.3 | I8: 3.6 | J8: 5 | K8: 11
A9: 2025-11 | B9: 104 | C9: 102 | D9: 2 | E9: 0.981 | F9: 77 | G9: 0.755 | H9: 28.9 | I9: 3.57 | J9: 10 | K9: 9
A10: 2025-12 | B10: 79 | C10: 60 | D10: 19 | E10: 0.759 | F10: 43 | G10: 0.717 | H10: 45.9 | I10: 3.4 | J10: 10 | K10: 10
A11: Total / Period Avg | B11: =SUM(B5:B10) -> 550 | C11: =SUM(C5:C10) -> 501 | D11: =SUM(D5:D10) -> 49 | E11: =C11/B11 -> 0.91090909 | F11: =SUM(F5:F10) -> 386 | G11: =F11/C11 -> 0.77045908 | H11: =AVERAGE(H5:H10) -> 35.083333 | I11: =AVERAGE(I5:I10) -> 3.5333333 | J11: =SUM(J5:J10) -> 54 | K11: =SUM(K5:K10) -> 56

Sheet DEPARTMENT SUMMARY
A1: NEXORA CUSTOMER SOLUTIONS - DEPARTMENTAL PERFORMANCE BREAKDOWN
A2: Cross-Departmental SLA Compliance, Backlog & Service Quality Metrics
A4: Support Department | B4: Total Tickets | C4: Resolved | D4: Open Backlog | E4: Resolution % | F4: SLA Met | G4: SLA Compliance % | H4: Avg Resolution (Hrs) | I4: Avg CSAT | J4: Escalations | K4: Reopened
A5: Billing & Invoicing | B5: 127 | C5: 112 | D5: 15 | E5: 0.882 | F5: 85 | G5: 0.759 | H5: 32.6 | I5: 3.68 | J5: 12 | K5: 13
A6: Customer Care | B6: 122 | C6: 110 | D6: 12 | E6: 0.902 | F6: 81 | G6: 0.736 | H6: 35.2 | I6: 3.55 | J6: 13 | K6: 13
A7: Product Operations | B7: 114 | C7: 103 | D7: 11 | E7: 0.904 | F7: 86 | G7: 0.835 | H7: 28.4 | I7: 3.55 | J7: 9 | K7: 12
A8: Technical Support | B8: 187 | C8: 176 | D8: 11 | E8: 0.941 | F8: 134 | G8: 0.761 | H8: 38.4 | I8: 3.44 | J8: 20 | K8: 18
A9: Company Total / Avg | B9: =SUM(B5:B8) -> 550 | C9: =SUM(C5:C8) -> 501 | D9: =SUM(D5:D8) -> 49 | E9: =C9/B9 -> 0.91090909 | F9: =SUM(F5:F8) -> 386 | G9: =F9/C9 -> 0.77045908 | H9: =AVERAGE(H5:H8) -> 33.65 | I9: =AVERAGE(I5:I8) -> 3.555 | J9: =SUM(J5:J8) -> 54 | K9: =SUM(K5:K8) -> 56

Sheet AGENT SUMMARY
A1: NEXORA CUSTOMER SOLUTIONS - SUPPORT AGENT PERFORMANCE SCORECARD
A2: Individual Agent Workload, SLA Compliance, Speed & Customer CSAT Ratings
A4: Assigned Agent | B4: Department | C4: Assigned Tickets | D4: Closed Tickets | E4: Open Tickets | F4: SLA Met | G4: SLA Compliance % | H4: Avg Res Time (Hrs) | I4: Avg CSAT | J4: Performance Status
A5: Alex Chen | B5: Technical Support | C5: 49 | D5: 47 | E5: 2 | F5: 34 | G5: 0.723 | H5: 39.7 | I5: 3.45 | J5: Needs Coaching
A6: Amina Yusuf | B6: Product Operations | C6: 43 | D6: 40 | E6: 3 | F6: 34 | G6: 0.85 | H6: 27.1 | I6: 3.75 | J6: Exceeds Expectations
A7: Anita Patel | B7: Customer Care | C7: 44 | D7: 39 | E7: 5 | F7: 31 | G7: 0.795 | H7: 34.3 | I7: 3.72 | J7: Meets Expectations
A8: Carlos Gomez | B8: Customer Care | C8: 44 | D8: 40 | E8: 4 | F8: 26 | G8: 0.65 | H8: 34.1 | I8: 3.28 | J8: Needs Coaching
A9: David Kim | B9: Billing & Invoicing | C9: 33 | D9: 32 | E9: 1 | F9: 25 | G9: 0.781 | H9: 30.8 | I9: 3.47 | J9: Meets Expectations
A10: Elena Rostova | B10: Technical Support | C10: 47 | D10: 47 | E10: 0 | F10: 39 | G10: 0.83 | H10: 33.8 | I10: 3.47 | J10: Meets Expectations
A11: Fatima Al-Mansoor | B11: Billing & Invoicing | C11: 54 | D11: 47 | E11: 7 | F11: 35 | G11: 0.745 | H11: 31.7 | I11: 3.64 | J11: Needs Coaching
A12: James Wilson | B12: Customer Care | C12: 34 | D12: 31 | E12: 3 | F12: 24 | G12: 0.774 | H12: 37.8 | I12: 3.71 | J12: Meets Expectations
A13: Kevin Taylor | B13: Product Operations | C13: 33 | D13: 29 | E13: 4 | F13: 22 | G13: 0.759 | H13: 31.8 | I13: 3.31 | J13: Needs Coaching
A14: Marcus Vance | B14: Technical Support | C14: 52 | D14: 51 | E14: 1 | F14: 43 | G14: 0.843 | H14: 35.6 | I14: 3.65 | J14: Exceeds Expectations
A15: Priya Sharma | B15: Technical Support | C15: 39 | D15: 31 | E15: 8 | F15: 18 | G15: 0.581 | H15: 47.9 | I15: 3.03 | J15: Needs Coaching
A16: Rachel Green | B16: Product Operations | C16: 38 | D16: 34 | E16: 4 | F16: 30 | G16: 0.882 | H16: 27.2 | I16: 3.53 | J16: Exceeds Expectations
A17: Sarah Jenkins | B17: Billing & Invoicing | C17: 40 | D17: 33 | E17: 7 | F17: 25 | G17: 0.758 | H17: 35.8 | I17: 3.94 | J17: Meets Expectations

Sheet DASHBOARD
A1: NEXORA CUSTOMER SOLUTIONS - EXECUTIVE SUPPORT DASHBOARD | U1: Category Volume Helper
A2: Operational Performance, SLA Adherence & Customer Experience Overview (H2 2025) | U2: Category | V2: Volume
U3: System Outage | V3: 56
B4: TOTAL TICKETS | E4: RESOLVED TICKETS | H4: OPEN BACKLOG | K4: SLA COMPLIANCE | N4: AVG RESOLUTION TIME | Q4: AVG CSAT SCORE | U4: Software Bug | V4: 51
B5: 550 | E5: 501 | H5: 49 | K5: 0.77045908 | N5: 34.4 hrs | Q5: 3.54 / 5.0 | U5: Integration Issue | V5: 46
B6: Total support volume | E6: 91.1% overall closure | H6: 47 overdue (> SLA) | K6: Target: >= 85.0% | N6: Benchmark: <= 32.0 hrs | Q6: Benchmark: >= 4.00 | U6: Subscription Renewal | V6: 42
U7: Profile Update | V7: 41
U8: Configuration Error | V8: 35
U9: Product Defect | V9: 35
U10: Performance Lag | V10: 34
U11: Invoice Discrepancy | V11: 30
U12: Payment Failure | V12: 30
U13: General Inquiry | V13: 28
U14: Service Cancellation | V14: 27
U15: Account Access | V15: 26
U16: Feature Request | V16: 25
U17: Refund Request | V17: 25
U18: Data Sync Issue | V18: 19

Sheet BUSINESS INSIGHTS
A1: NEXORA CUSTOMER SOLUTIONS - STRATEGIC BUSINESS INSIGHTS & ACTION PLANS
A2: Actionable Findings Derived from 550 Support Incidents | Recommendations for Operations Leadership
A4: Insight # | B4: Problem / Observation Area | C4: What the Data Shows (Quantitative Evidence) | D4: Operational Metric / Calculation | E4: Business Impact & Root Cause | F4: Recommended Strategic Action Plan
A5: Insight 1 | B5: Technical Support Bottleneck & CSAT Erosion | C5: Technical Support handles the largest ticket volume (187 of 550 tickets, 34.0%), but experiences high resolution times and subdued CSAT compared to company standards. | D5: Volume: 187 | SLA Met: 134 | Avg Resolution: 38.4 hrs | Avg CSAT: 3.44 | E5: Technical complexity and tier-1 skill mismatches result in prolonged troubleshooting, high customer friction, and negative CSAT drag across the enterprise. | F5: Implement Tier-1 technical diagnostic runbooks, create dedicated routing for 'Software Bug' and 'System Outage' to senior engineers, and introduce asynchronous diagnostic logging.
A6: Insight 2 | B6: Severe Open Ticket Aging & Overdue SLA Risk | C6: Out of 49 currently open tickets, 47 tickets (95.9% of active backlog) have exceeded their SLA resolution threshold, creating compliance exposure. | D6: Active Backlog: 49 tickets | Overdue Tickets: 47 (95.9% of backlog, 8.5% of total volume). | E6: Stale tickets languishing in 'Pending Customer' and 'In Progress' states inflate churn risk among high-value enterprise accounts and indicate poor queue governance. | F6: Establish automated aging alerts at 50% and 75% SLA consumption, mandate daily backlog standups, and deploy an automated 'auto-close after 5 days no response' rule for pending customer tickets.
A7: Insight 3 | B7: Agent Workload & Performance Disparity | C7: A noticeable performance variance exists across the support team: Amina Yusuf achieved superior SLA compliance and high CSAT with swift turnaround, whereas lagging agents experienced lower compliance and longer queues. | D7: Top performers achieve >85% SLA compliance and >3.70 CSAT, whereas lower-tier performers drop below 72% compliance with >40h turnaround. | E7: Inconsistent adherence to best-practice macros and uneven ticket distribution lead to agent burnout, delayed first-contact resolution, and customer dissatisfaction. | F7: Conduct peer shadowing between top performers and lagging agents, rebalance automated routing quotas in the CRM, and establish weekly 1-on-1 operational coaching sessions.
A8: Insight 4 | B8: Impact of Resolution Breaches on Customer Retention & CSAT | C8: SLA compliance is the primary driver of customer sentiment: Tickets that met SLA achieved an average CSAT of 3.98 with only a 4.4% escalation rate, whereas SLA-breached tickets plunged to 2.08 CSAT with a 26.1% escalation rate. | D8: Met SLA CSAT: 3.98 vs Breached SLA CSAT: 2.08 (Delta: -1.90 pts) | Escalation Rate: 4.4% vs 26.1%. | E8: SLA breaches trigger a compounding cascade of escalations and reopened tickets, consuming disproportionate senior engineer capacity and tripling cost per ticket. | F8: Institute early-warning trigger alarms at 60% SLA elapsed time to fast-track interventions before deadlines breach, and mandate warm handoffs for escalations.
A9: Insight 5 | B9: Billing & Invoicing Escalation & Ingestion Inefficiencies | C9: Billing & Invoicing accounted for 127 tickets and significant escalations, driven by 'Payment Failure' and 'Refund Request'. | D9: Billing Volume: 127 | Escalations: 12 | SLA Compliance: 75.9%. | E9: Lack of customer-facing self-service tools for billing disputes and gateway retry logic forces routine transactional queries into high-touch manual agent queues. | F9: Deploy a self-service customer portal for instant invoice downloads and dispute logging, integrate automated payment gateway retry notifications, and empower billing tier-1 with standard refund approval limits.
